"aegon life insurance company ltd", "aegonli"
"aegon life insurance company", "aegonli"
"aegon life insurance", "aegonli"
"aegon life", "aegonli"
"aviva life insurance company ltd", "avivali"
"aviva life insurance company", "avivali"
"aviva life insurance", "avivali"
"aviva life", "avivali"
"aviva", "avivali"
"bajaj allianz life insurance company ltd","bajajli"
"bajaj allianz life insurance company","bajajli"
"bajaj allianz life insurance","bajajli"
"bajaj allianz life","bajajli"
"bajaj allianz","bajajli"
"birla sun life insurance company ltd","birlali"
"birla sun life insurance company","birlali"
"birla sun life insurance","birlali"
"birla sunlife insurance company ltd","birlali"
"birla sunlife insurance company","birlali"
"birla sunlife insurance","birlali"
"canara hsbc life insurance","canarahsbcli"
"canara hsbc life","canarahsbcli"
"dhfl pramerica life insurance company ltd","dhflli"
"dhfl pramerica life insurance company","dhflli"
"dhfl pramerica life insurance","dhflli"
"dhfl pramerica life","dhflli"
"dhfl pramerica","dhflli"
"edelweiss life insurance company ltd","edelweissli"
"edelweiss life insurance company","edelweissli"
"edelweiss life insurance","edelweissli"
"edelweiss life","edelweissli"
"exide life insurance company ltd","exideli"
"exide life insurance company","exideli"
"exide life insurance","exideli"
"exide life","exideli"
"future generali life insurance company ltd","futuregenerali"
"future generali life insurance company","futuregenerali"
"future generali life insurance","futuregenerali"
"future generali life","futuregenerali"
"hdfc life insurance company ltd","hdfclife"
"hdfc life insurance company","hdfclife"
"hdfc life insurance","hdfclife"
"hdfc life","hdfclife"
"icici prudential life insurance company ltd","iprulife"
"icici prudential life insurance company","iprulife"
"icici prudential life insurance","iprulife"
"icici prudential life","iprulife"
"icici pru life","iprulife"
"icici pru","iprulife"
"ipru life","iprulife"
"i-pru life","iprulife"
"idbi federal life insurance company ltd","idbifedli"
"idbi federal life insurance company ltd","idbifedli"
"idbi federal life insurance company","idbifedli"
"idbi federal life insurance","idbifedli"
"idbi federal life","idbifedli"
"indiafirst life insurance company ltd","indiafirstli"
"indiafirst life insurance company","indiafirstli"
"indiafirst life insurance","indiafirstli"
"indiafirst life","indiafirstli"
"kotak mahindra life insurance company ltd","kotakli"
"kotak mahindra life insurance company","kotakli"
"kotak mahindra life insurance","kotakli"
"kotak mahindra life","kotakli"
"max life insurance company ltd","maxlife"
"max life insurance company","maxlife"
"max life insurance","maxlife"
"max life","maxlife"
"pnb metlife life insurance company ltd","pnbmetlife"
"pnb metlife life insurance company","pnbmetlife"
"pnb metlife life insurance","pnbmetlife"
"pnb metlife life","pnbmetlife"
"pnb metlife","pnbmetlife"
"reliance nippon life insurance company ltd","reliancelife"
"reliance nippon life insurance company","reliancelife"
"reliance nippon life insurance","reliancelife"
"reliance nippon life","reliancelife"
"reliance life insurance company ltd","reliancelife"
"reliance life insurance company","reliancelife"
"reliance life insurance","reliancelife"
"reliance life","reliancelife"
"sahara india life insurance company ltd","saharali"
"sahara india life insurance company","saharali"
"sahara india life insurance","saharali"
"sahara india life","saharali"
"sbi life insurance company ltd","sbilife"
"sbi life insurance company","sbilife"
"sbi life insurance","sbilife"
"sbi life","sbilife"
"shriram life insurance company ltd","shriramli"
"shriram life insurance company","shriramli"
"shriram life insurance","shriramli"
"shriram life","shriramli"
"star union dai-ichi life insurance company ltd","starunionli"
"star union dai-ichi life insurance company","starunionli"
"star union dai-ichi life insurance","starunionli"
"star union dai-ichi life","starunionli"
"star union dai-ichi","starunionli"
"tata aia life insurance company ltd","tatalife"
"tata aia life insurance company","tatalife"
"tata aia life insurance","tatalife"
"tata aia life","tatalife"
"life insurance corporation","lic"
"life insurance","lic"