"ambit capital private limited", "ambit"
"ambit capital", "ambit"
"ambit corporate finance", "ambit"
"ambit corporate", "ambit"
"ambit finance", "ambit"
"avendus financial advisory", "avendus" 
"avendus financial", "avendus"
"avendus capital private limited", "avendus"
"avendus capital strategies", "avendus"
"avendus capital", "avendus"
"citi\\b", "citibank"
"citibank india", "citibank"
"citigroup ", "citigroup"
"bank of america merrill lynch", "baml"
"bank america merrill lynch", "baml"
"bank america", "baml"
"bofaml", "baml"
"bofa", "baml"
"barclays bank", "barclays"
"barclays plc", "barclays"
"kotak mahindra bank", "kotakbank"
"kotak mahindra capital", "kotakbank"
"kotak mahindra", "kotakbank"
"kotak investment bank", "kotakbank"
"kotak securities", "kotakbank"
"royal bank of scotland", "rbs"
"royal bank scotland", "rbs"
"morgan stanley", "morganstanley"
"\\bjp morgan\\b", "jpmorgan"
"\\bubs investment banking\\b", "ubs"
"\\bubs investment bank\\b", "ubs"
"\\bubs\\b", "ubs"
"credit suisse", "csuisse" 
"deutsche bank", "deutschebank"
"jpmorgan chase", "jpmorgan"
"jp morgan chase", "jpmorgan"
"jp morgan", "jpmorgan"
"goldman sachs india", "gsachs"
"goldman sachs", "gsachs"
"barclays investment bank", "barclays"
"barclays bank", "barclays"
"edelweiss financial services", "edelweiss"
"edelweiss financial", "edelweiss"
"jefferies group", "jefferies"
"jefferies", "jefferies"
"evercore partners", "evercore"
"nomura securities", "nomura"
"motilal oswal securities","motilal"
"motilal financial services ltd", "motilal"
"motilal financial services", "motilal"
"motilal financial", "motilal"
"motilal oswal","motilal"
"jm financial services ltd", "jmfinance"
"jm financial services", "jmfinance"
"jm financial", "jmfinance"
