


"citi\\b", "citibank"
"citibank india", "citibank"
"citigroup ", "citigroup"
"bank america merrill lynch", "baml"
"bank america", "baml"
"bofaml", "baml"
"bofa", "baml"
"barclays bank", "barclays"
"barclays plc", "barclays"
"kotak mahindra bank", "kotakbank"
"kotak mahindra", "kotakbank"
"kotak investment bank", "kotakbank"
"kotak securities", "kotakbank"
"royal bank scotland", "rbs"
"morgan stanley", "morgan_stanley"
"\\bjp morgan\\b", "jpmorgan"
"\\bubs investment banking\\b", "ubs"
"\\bubs investment bank\\b", "ubs"
"\\bubs\\b", "ubs"
"credit suisse", "csuisse" 
"deutsche bank", "deutschebank"
